"","Position","Year","Team"
"1",1,"1908","Eastern Sydney"
"2",2,"1908","South Sydney"
"3",3,"1908","Glebe"
"4",4,"1908","North Sydney"
"5",5,"1908","Newcastle"
"6",6,"1908","Balmain"
"7",7,"1908","Newtown"
"8",8,"1908","Cumberland"
"9",9,"1908","Western Suburbs"
"21",1,"1909","South Sydney"
"22",2,"1909","Balmain"
"23",3,"1909","Eastern Sydney"
"24",4,"1909","Newcastle"
"25",5,"1909","Glebe"
"26",6,"1909","Newtown"
"27",7,"1909","North Sydney"
"28",8,"1909","Western Suburbs"
"41",1,"1910","Newtown"
"42",2,"1910","South Sydney"
"43",3,"1910","Eastern Sydney"
"44",4,"1910","Balmain"
"45",5,"1910","Glebe"
"46",6,"1910","Annandale"
"47",7,"1910","North Sydney"
"48",8,"1910","Western Suburbs"
"61",1,"1911","Glebe"
"62",2,"1911","Eastern Sydney"
"63",3,"1911","South Sydney"
"64",4,"1911","Newtown"
"65",5,"1911","Annandale"
"66",6,"1911","North Sydney"
"67",7,"1911","Western Suburbs"
"68",8,"1911","Balmain"
"81",1,"1912","Eastern Sydney"
"82",2,"1912","Glebe"
"83",3,"1912","Newtown"
"84",4,"1912","South Sydney"
"85",5,"1912","Balmain"
"86",6,"1912","North Sydney"
"87",7,"1912","Annandale"
"88",8,"1912","Western Suburbs"
"101",1,"1913","Eastern Sydney"
"102",2,"1913","Newtown"
"103",3,"1913","South Sydney"
"104",4,"1913","Glebe"
"105",5,"1913","North Sydney"
"106",6,"1913","Balmain"
"107",7,"1913","Annandale"
"108",8,"1913","Western Suburbs"
"121",1,"1914","South Sydney"
"122",2,"1914","Newtown"
"123",3,"1914","Balmain"
"124",4,"1914","Eastern Sydney"
"125",5,"1914","Glebe"
"126",6,"1914","North Sydney"
"127",7,"1914","Western Suburbs"
"128",8,"1914","Annandale"
"141",1,"1915","Balmain"
"142",2,"1915","Glebe"
"143",3,"1915","Newtown"
"144",4,"1915","South Sydney"
"145",5,"1915","Eastern Sydney"
"146",6,"1915","Annandale"
"147",7,"1915","North Sydney"
"148",8,"1915","Western Suburbs"
"161",1,"1916","Balmain"
"162",2,"1916","South Sydney"
"163",3,"1916","Glebe"
"164",4,"1916","Eastern Sydney"
"165",5,"1916","North Sydney"
"166",6,"1916","Newtown"
"167",7,"1916","Annandale"
"168",8,"1916","Western Suburbs"
"181",1,"1917","Balmain"
"182",2,"1917","South Sydney"
"183",3,"1917","Newtown"
"184",4,"1917","Western Suburbs"
"185",5,"1917","Eastern Sydney"
"186",6,"1917","Glebe"
"187",7,"1917","Annandale"
"188",8,"1917","North Sydney"
"201",1,"1918","South Sydney"
"202",2,"1918","Western Suburbs"
"203",3,"1918","Glebe"
"204",4,"1918","Balmain"
"205",5,"1918","Eastern Sydney"
"206",6,"1918","North Sydney"
"207",7,"1918","Newtown"
"208",8,"1918","Annandale"
"221",1,"1919","Balmain"
"222",2,"1919","Eastern Sydney"
"223",3,"1919","Glebe"
"224",4,"1919","Western Suburbs"
"225",5,"1919","Newtown"
"226",6,"1919","South Sydney"
"227",7,"1919","Annandale"
"228",8,"1919","North Sydney"
"241",1,"1920","Balmain"
"242",2,"1920","Glebe"
"243",3,"1920","South Sydney"
"244",4,"1920","Western Suburbs"
"245",5,"1920","Eastern Sydney"
"246",6,"1920","Newtown"
"247",7,"1920","North Sydney"
"248",8,"1920","University"
"249",9,"1920","Annandale"
"261",1,"1921","North Sydney"
"262",2,"1921","Eastern Sydney"
"263",3,"1921","Glebe"
"264",4,"1921","Balmain"
"265",5,"1921","South Sydney"
"266",6,"1921","Newtown"
"267",7,"1921","St George"
"268",8,"1921","Western Suburbs"
"269",9,"1921","University"
"281",1,"1922","Glebe"
"282",2,"1922","North Sydney"
"283",3,"1922","Eastern Sydney"
"284",4,"1922","South Sydney"
"285",5,"1922","Balmain"
"286",6,"1922","Western Suburbs"
"287",7,"1922","Newtown"
"288",8,"1922","University"
"289",9,"1922","St George"
"301",1,"1923","Eastern Sydney"
"302",2,"1923","South Sydney"
"303",3,"1923","Balmain"
"304",4,"1923","Western Suburbs"
"305",5,"1923","North Sydney"
"306",6,"1923","Glebe"
"307",7,"1923","Newtown"
"308",8,"1923","St George"
"309",9,"1923","University"
"321",1,"1924","Balmain"
"322",2,"1924","South Sydney"
"323",3,"1924","Glebe"
"324",4,"1924","St George"
"325",5,"1924","Western Suburbs"
"326",6,"1924","Eastern Sydney"
"327",7,"1924","North Sydney"
"328",8,"1924","Newtown"
"329",9,"1924","University"
"341",1,"1925","South Sydney"
"342",2,"1925","Western Suburbs"
"343",3,"1925","Balmain"
"344",4,"1925","North Sydney"
"345",5,"1925","St George"
"346",6,"1925","Glebe"
"347",7,"1925","University"
"348",8,"1925","Eastern Sydney"
"349",9,"1925","Newtown"
"361",1,"1926","South Sydney"
"362",2,"1926","Eastern Sydney"
"363",3,"1926","Glebe"
"364",4,"1926","University"
"365",5,"1926","Western Suburbs"
"366",6,"1926","Newtown"
"367",7,"1926","North Sydney"
"368",8,"1926","Balmain"
"369",9,"1926","St George"
"381",1,"1927","South Sydney"
"382",2,"1927","St George"
"383",3,"1927","Eastern Sydney"
"384",4,"1927","Western Suburbs"
"385",5,"1927","Newtown"
"386",6,"1927","North Sydney"
"387",7,"1927","Balmain"
"388",8,"1927","Glebe"
"389",9,"1927","University"
"401",1,"1928","Eastern Sydney"
"402",2,"1928","St George"
"403",3,"1928","South Sydney"
"404",4,"1928","North Sydney"
"405",5,"1928","University"
"406",6,"1928","Glebe"
"407",7,"1928","Western Suburbs"
"408",8,"1928","Balmain"
"409",9,"1928","Newtown"
"421",1,"1929","South Sydney"
"422",2,"1929","St George"
"423",3,"1929","Western Suburbs"
"424",4,"1929","Newtown"
"425",5,"1929","North Sydney"
"426",6,"1929","Balmain"
"427",7,"1929","Eastern Sydney"
"428",8,"1929","Glebe"
"429",9,"1929","University"
"441",1,"1930","Western Suburbs"
"442",2,"1930","Eastern Sydney"
"443",3,"1930","South Sydney"
"444",4,"1930","St George"
"445",5,"1930","Newtown"
"446",6,"1930","Balmain"
"447",7,"1930","North Sydney"
"448",8,"1930","University"
"461",1,"1931","Eastern Sydney"
"462",2,"1931","South Sydney"
"463",3,"1931","Western Suburbs"
"464",4,"1931","St George"
"465",5,"1931","North Sydney"
"466",6,"1931","Balmain"
"467",7,"1931","Newtown"
"468",8,"1931","University"
"481",1,"1932","South Sydney"
"482",2,"1932","Western Suburbs"
"483",3,"1932","Eastern Sydney"
"484",4,"1932","Balmain"
"485",5,"1932","Newtown"
"486",6,"1932","St George"
"487",7,"1932","North Sydney"
"488",8,"1932","University"
"501",1,"1933","Newtown"
"502",2,"1933","Eastern Sydney"
"503",3,"1933","South Sydney"
"504",4,"1933","St George"
"505",5,"1933","Balmain"
"506",6,"1933","North Sydney"
"507",7,"1933","University"
"508",8,"1933","Western Suburbs"
"521",1,"1934","Western Suburbs"
"522",2,"1934","Eastern Sydney"
"523",3,"1934","St George"
"524",4,"1934","South Sydney"
"525",5,"1934","Newtown"
"526",6,"1934","North Sydney"
"527",7,"1934","Balmain"
"528",8,"1934","University"
"541",1,"1935","Eastern Sydney"
"542",2,"1935","South Sydney"
"543",3,"1935","Western Suburbs"
"544",4,"1935","North Sydney"
"545",5,"1935","Balmain"
"546",6,"1935","Newtown"
"547",7,"1935","St George"
"548",8,"1935","Canterbury"
"549",9,"1935","University"
"561",1,"1936","Eastern Sydney"
"562",2,"1936","Balmain"
"563",3,"1936","Canterbury"
"564",4,"1936","North Sydney"
"565",5,"1936","Newtown"
"566",6,"1936","Western Suburbs"
"567",7,"1936","South Sydney"
"568",8,"1936","St George"
"569",9,"1936","University"
"581",1,"1937","Eastern Sydney"
"582",2,"1937","St George"
"583",3,"1937","South Sydney"
"584",4,"1937","Balmain"
"585",5,"1937","Canterbury"
"586",6,"1937","Newtown"
"587",7,"1937","North Sydney"
"588",8,"1937","Western Suburbs"
"589",9,"1937","University"
"601",1,"1938","Canterbury"
"602",2,"1938","South Sydney"
"603",3,"1938","Balmain"
"604",4,"1938","Eastern Sydney"
"605",5,"1938","North Sydney"
"606",6,"1938","Newtown"
"607",7,"1938","Western Suburbs"
"608",8,"1938","St George"
"621",1,"1939","Balmain"
"622",2,"1939","Canterbury"
"623",3,"1939","St George"
"624",4,"1939","South Sydney"
"625",5,"1939","Eastern Sydney"
"626",6,"1939","North Sydney"
"627",7,"1939","Western Suburbs"
"628",8,"1939","Newtown"
"641",1,"1940","Eastern Sydney"
"642",2,"1940","Newtown"
"643",3,"1940","Canterbury"
"644",4,"1940","St George"
"645",5,"1940","Balmain"
"646",6,"1940","South Sydney"
"647",7,"1940","North Sydney"
"648",8,"1940","Western Suburbs"
"661",1,"1941","Balmain"
"662",2,"1941","Canterbury"
"663",3,"1941","Eastern Sydney"
"664",4,"1941","St George"
"665",5,"1941","Newtown"
"666",6,"1941","Western Suburbs"
"667",7,"1941","South Sydney"
"668",8,"1941","North Sydney"
"681",1,"1942","Canterbury"
"682",2,"1942","Balmain"
"683",3,"1942","St George"
"684",4,"1942","Eastern Sydney"
"685",5,"1942","South Sydney"
"686",6,"1942","North Sydney"
"687",7,"1942","Newtown"
"688",8,"1942","Western Suburbs"
"701",1,"1943","Newtown"
"702",2,"1943","Balmain"
"703",3,"1943","North Sydney"
"704",4,"1943","St George"
"705",5,"1943","South Sydney"
"706",6,"1943","Eastern Sydney"
"707",7,"1943","Canterbury"
"708",8,"1943","Western Suburbs"
"721",1,"1944","Newtown"
"722",2,"1944","Balmain"
"723",3,"1944","St George"
"724",4,"1944","South Sydney"
"725",5,"1944","North Sydney"
"726",6,"1944","Western Suburbs"
"727",7,"1944","Eastern Sydney"
"728",8,"1944","Canterbury"
"741",1,"1945","Eastern Sydney"
"742",2,"1945","Newtown"
"743",3,"1945","Western Suburbs"
"744",4,"1945","Balmain"
"745",5,"1945","North Sydney"
"746",6,"1945","Canterbury"
"747",7,"1945","St George"
"748",8,"1945","South Sydney"
"761",1,"1946","St George"
"762",2,"1946","Newtown"
"763",3,"1946","Balmain"
"764",4,"1946","Canterbury"
"765",5,"1946","Eastern Sydney"
"766",6,"1946","North Sydney"
"767",7,"1946","Western Suburbs"
"768",8,"1946","South Sydney"
"781",1,"1947","Canterbury"
"782",2,"1947","Balmain"
"783",3,"1947","Newtown"
"784",4,"1947","Western Suburbs"
"785",5,"1947","St George"
"786",6,"1947","North Sydney"
"787",7,"1947","South Sydney"
"788",8,"1947","Eastern Sydney"
"789",9,"1947","Manly Warringah"
"790",10,"1947","Parramatta"
"801",1,"1948","Western Suburbs"
"802",2,"1948","Balmain"
"803",3,"1948","Newtown"
"804",4,"1948","St George"
"805",5,"1948","Canterbury"
"806",6,"1948","Eastern Sydney"
"807",7,"1948","South Sydney"
"808",8,"1948","Parramatta"
"809",9,"1948","Manly Warringah"
"810",10,"1948","North Sydney"
"821",1,"1949","South Sydney"
"822",2,"1949","Western Suburbs"
"823",3,"1949","St George"
"824",4,"1949","Balmain"
"825",5,"1949","Parramatta"
"826",6,"1949","Newtown"
"827",7,"1949","Canterbury"
"828",8,"1949","Manly Warringah"
"829",9,"1949","North Sydney"
"830",10,"1949","Eastern Sydney"
"841",1,"1950","South Sydney"
"842",2,"1950","Balmain"
"843",3,"1950","Newtown"
"844",4,"1950","Western Suburbs"
"845",5,"1950","St George"
"846",6,"1950","Canterbury"
"847",7,"1950","Eastern Sydney"
"848",8,"1950","Manly Warringah"
"849",9,"1950","Parramatta"
"850",10,"1950","North Sydney"
"861",1,"1951","South Sydney"
"862",2,"1951","Manly Warringah"
"863",3,"1951","St George"
"864",4,"1951","Western Suburbs"
"865",5,"1951","Eastern Sydney"
"866",6,"1951","Parramatta"
"867",7,"1951","Canterbury"
"868",8,"1951","Balmain"
"869",9,"1951","Newtown"
"870",10,"1951","North Sydney"
"881",1,"1952","Western Suburbs"
"882",2,"1952","St George"
"883",3,"1952","South Sydney"
"884",4,"1952","North Sydney"
"885",5,"1952","Manly Warringah"
"886",6,"1952","Balmain"
"887",7,"1952","Eastern Sydney"
"888",8,"1952","Newtown"
"889",9,"1952","Canterbury"
"890",10,"1952","Parramatta"
"901",1,"1953","South Sydney"
"902",2,"1953","St George"
"903",3,"1953","Eastern Sydney"
"904",4,"1953","North Sydney"
"905",5,"1953","Canterbury"
"906",6,"1953","Newtown"
"907",7,"1953","Parramatta"
"908",8,"1953","Balmain"
"909",9,"1953","Manly Warringah"
"910",10,"1953","Western Suburbs"
"921",1,"1954","Newtown"
"922",2,"1954","South Sydney"
"923",3,"1954","St George"
"924",4,"1954","North Sydney"
"925",5,"1954","Manly Warringah"
"926",6,"1954","Balmain"
"927",7,"1954","Western Suburbs"
"928",8,"1954","Canterbury"
"929",9,"1954","Eastern Sydney"
"930",10,"1954","Parramatta"
"941",1,"1955","Newtown"
"942",2,"1955","St George"
"943",3,"1955","Manly Warringah"
"944",4,"1955","South Sydney"
"945",5,"1955","North Sydney"
"946",6,"1955","Balmain"
"947",7,"1955","Eastern Sydney"
"948",8,"1955","Parramatta"
"949",9,"1955","Canterbury"
"950",10,"1955","Western Suburbs"
"961",1,"1956","St George"
"962",2,"1956","Balmain"
"963",3,"1956","South Sydney"
"964",4,"1956","Western Suburbs"
"965",5,"1956","Newtown"
"966",6,"1956","Manly Warringah"
"967",7,"1956","Canterbury"
"968",8,"1956","Eastern Sydney"
"969",9,"1956","North Sydney"
"970",10,"1956","Parramatta"
"981",1,"1957","St George"
"982",2,"1957","Manly Warringah"
"983",3,"1957","South Sydney"
"984",4,"1957","Western Suburbs"
"985",5,"1957","North Sydney"
"986",6,"1957","Balmain"
"987",7,"1957","Eastern Sydney"
"988",8,"1957","Newtown"
"989",9,"1957","Canterbury"
"990",10,"1957","Parramatta"
"1001",1,"1958","St George"
"1002",2,"1958","Western Suburbs"
"1003",3,"1958","Manly Warringah"
"1004",4,"1958","Balmain"
"1005",5,"1958","Newtown"
"1006",6,"1958","North Sydney"
"1007",7,"1958","Eastern Sydney"
"1008",8,"1958","South Sydney"
"1009",9,"1958","Canterbury"
"1010",10,"1958","Parramatta"
"1021",1,"1959","St George"
"1022",2,"1959","Western Suburbs"
"1023",3,"1959","Manly Warringah"
"1024",4,"1959","Newtown"
"1025",5,"1959","North Sydney"
"1026",6,"1959","South Sydney"
"1027",7,"1959","Balmain"
"1028",8,"1959","Eastern Sydney"
"1029",9,"1959","Canterbury"
"1030",10,"1959","Parramatta"
"1041",1,"1960","St George"
"1042",2,"1960","Western Suburbs"
"1043",3,"1960","Eastern Sydney"
"1044",4,"1960","Canterbury"
"1045",5,"1960","Balmain"
"1046",6,"1960","Manly Warringah"
"1047",7,"1960","North Sydney"
"1048",8,"1960","Newtown"
"1049",9,"1960","South Sydney"
"1050",10,"1960","Parramatta"
"1061",1,"1961","St George"
"1062",2,"1961","Western Suburbs"
"1063",3,"1961","Balmain"
"1064",4,"1961","Manly Warringah"
"1065",5,"1961","Eastern Sydney"
"1066",6,"1961","North Sydney"
"1067",7,"1961","South Sydney"
"1068",8,"1961","Canterbury"
"1069",9,"1961","Newtown"
"1070",10,"1961","Parramatta"
"1081",1,"1962","St George"
"1082",2,"1962","Newtown"
"1083",3,"1962","Western Suburbs"
"1084",4,"1962","Parramatta"
"1085",5,"1962","Eastern Sydney"
"1086",6,"1962","Canterbury"
"1087",7,"1962","Manly Warringah"
"1088",8,"1962","Balmain"
"1089",9,"1962","North Sydney"
"1090",10,"1962","South Sydney"
"1101",1,"1963","St George"
"1102",2,"1963","Western Suburbs"
"1103",3,"1963","Balmain"
"1104",4,"1963","Parramatta"
"1105",5,"1963","North Sydney"
"1106",6,"1963","Manly Warringah"
"1107",7,"1963","Newtown"
"1108",8,"1963","Canterbury"
"1109",9,"1963","South Sydney"
"1110",10,"1963","Eastern Sydney"
"1121",1,"1964","St George"
"1122",2,"1964","Parramatta"
"1123",3,"1964","Balmain"
"1124",4,"1964","North Sydney"
"1125",5,"1964","South Sydney"
"1126",6,"1964","Newtown"
"1127",7,"1964","Western Suburbs"
"1128",8,"1964","Manly Warringah"
"1129",9,"1964","Eastern Sydney"
"1130",10,"1964","Canterbury"
"1141",1,"1965","St George"
"1142",2,"1965","North Sydney"
"1143",3,"1965","Parramatta"
"1144",4,"1965","South Sydney"
"1145",5,"1965","Balmain"
"1146",6,"1965","Newtown"
"1147",7,"1965","Manly Warringah"
"1148",8,"1965","Western Suburbs"
"1149",9,"1965","Canterbury"
"1150",10,"1965","Eastern Sydney"
"1161",1,"1966","St George"
"1162",2,"1966","Balmain"
"1163",3,"1966","Manly Warringah"
"1164",4,"1966","Newtown"
"1165",5,"1966","Western Suburbs"
"1166",6,"1966","Parramatta"
"1167",7,"1966","South Sydney"
"1168",8,"1966","Canterbury"
"1169",9,"1966","North Sydney"
"1170",10,"1966","Eastern Sydney"
"1181",1,"1967","St George"
"1182",2,"1967","South Sydney"
"1183",3,"1967","Canterbury"
"1184",4,"1967","Eastern Sydney"
"1185",5,"1967","Balmain"
"1186",6,"1967","Manly Warringah"
"1187",7,"1967","Western Suburbs"
"1188",8,"1967","North Sydney"
"1189",9,"1967","Newtown"
"1190",10,"1967","Parramatta"
"1191",11,"1967","Penrith"
"1192",12,"1967","Cronulla"
"1201",1,"1968","South Sydney"
"1202",2,"1968","Manly Warringah"
"1203",3,"1968","Eastern Sydney"
"1204",4,"1968","St George"
"1205",5,"1968","Balmain"
"1206",6,"1968","Parramatta"
"1207",7,"1968","Western Suburbs"
"1208",8,"1968","Penrith"
"1209",9,"1968","Canterbury"
"1210",10,"1968","Cronulla"
"1211",11,"1968","North Sydney"
"1212",12,"1968","Newtown"
"1221",1,"1969","South Sydney"
"1222",2,"1969","Balmain"
"1223",3,"1969","Manly Warringah"
"1224",4,"1969","St George"
"1225",5,"1969","Parramatta"
"1226",6,"1969","Western Suburbs"
"1227",7,"1969","North Sydney"
"1228",8,"1969","Canterbury"
"1229",9,"1969","Eastern Sydney"
"1230",10,"1969","Newtown"
"1231",11,"1969","Penrith"
"1232",12,"1969","Cronulla"
"1241",1,"1970","South Sydney"
"1242",2,"1970","Manly Warringah"
"1243",3,"1970","St George"
"1244",4,"1970","Canterbury"
"1245",5,"1970","Eastern Sydney"
"1246",6,"1970","Balmain"
"1247",7,"1970","Cronulla"
"1248",8,"1970","Newtown"
"1249",9,"1970","North Sydney"
"1250",10,"1970","Penrith"
"1251",11,"1970","Western Suburbs"
"1252",12,"1970","Parramatta"
"1261",1,"1971","Manly Warringah"
"1262",2,"1971","South Sydney"
"1263",3,"1971","St George"
"1264",4,"1971","Parramatta"
"1265",5,"1971","Balmain"
"1266",6,"1971","Canterbury"
"1267",7,"1971","Cronulla"
"1268",8,"1971","Penrith"
"1269",9,"1971","Eastern Sydney"
"1270",10,"1971","Newtown"
"1271",11,"1971","North Sydney"
"1272",12,"1971","Western Suburbs"
"1281",1,"1972","Manly Warringah"
"1282",2,"1972","Eastern Sydney"
"1283",3,"1972","St George"
"1284",4,"1972","South Sydney"
"1285",5,"1972","Canterbury"
"1286",6,"1972","Newtown"
"1287",7,"1972","Western Suburbs"
"1288",8,"1972","Cronulla"
"1289",9,"1972","North Sydney"
"1290",10,"1972","Balmain"
"1291",11,"1972","Penrith"
"1292",12,"1972","Parramatta"
"1301",1,"1973","Manly Warringah"
"1302",2,"1973","Cronulla"
"1303",3,"1973","St George"
"1304",4,"1973","Newtown"
"1305",5,"1973","Canterbury"
"1306",6,"1973","Eastern Sydney"
"1307",7,"1973","South Sydney"
"1308",8,"1973","North Sydney"
"1309",9,"1973","Balmain"
"1310",10,"1973","Western Suburbs"
"1311",11,"1973","Parramatta"
"1312",12,"1973","Penrith"
"1321",1,"1974","Eastern Sydney"
"1322",2,"1974","Manly Warringah"
"1323",3,"1974","Canterbury"
"1324",4,"1974","South Sydney"
"1325",5,"1974","Western Suburbs"
"1326",6,"1974","North Sydney"
"1327",7,"1974","Newtown"
"1328",8,"1974","St George"
"1329",9,"1974","Cronulla"
"1330",10,"1974","Penrith"
"1331",11,"1974","Balmain"
"1332",12,"1974","Parramatta"
"1341",1,"1975","Eastern Sydney"
"1342",2,"1975","Manly Warringah"
"1343",3,"1975","St George"
"1344",4,"1975","Canterbury"
"1345",5,"1975","Parramatta"
"1346",6,"1975","Balmain"
"1347",7,"1975","Western Suburbs"
"1348",8,"1975","Cronulla"
"1349",9,"1975","North Sydney"
"1350",10,"1975","Newtown"
"1351",11,"1975","Penrith"
"1352",12,"1975","South Sydney"
"1361",1,"1976","Manly Warringah"
"1362",2,"1976","Parramatta"
"1363",3,"1976","St George"
"1364",4,"1976","Canterbury"
"1365",5,"1976","Eastern Sydney"
"1366",6,"1976","Balmain"
"1367",7,"1976","Western Suburbs"
"1368",8,"1976","Cronulla"
"1369",9,"1976","Penrith"
"1370",10,"1976","South Sydney"
"1371",11,"1976","North Sydney"
"1372",12,"1976","Newtown"
"1381",1,"1977","Parramatta"
"1382",2,"1977","St George"
"1383",3,"1977","Eastern Sydney"
"1384",4,"1977","Balmain"
"1385",5,"1977","Manly Warringah"
"1386",6,"1977","Cronulla"
"1387",7,"1977","Canterbury"
"1388",8,"1977","North Sydney"
"1389",9,"1977","Western Suburbs"
"1390",10,"1977","Penrith"
"1391",11,"1977","South Sydney"
"1392",12,"1977","Newtown"
"1401",1,"1978","Western Suburbs"
"1402",2,"1978","Cronulla"
"1403",3,"1978","Manly Warringah"
"1404",4,"1978","Canterbury"
"1405",5,"1978","Parramatta"
"1406",6,"1978","Eastern Sydney"
"1407",7,"1978","South Sydney"
"1408",8,"1978","St George"
"1409",9,"1978","Balmain"
"1410",10,"1978","Penrith"
"1411",11,"1978","North Sydney"
"1412",12,"1978","Newtown"
"1421",1,"1979","St George"
"1422",2,"1979","Parramatta"
"1423",3,"1979","Cronulla"
"1424",4,"1979","Western Suburbs"
"1425",5,"1979","Canterbury"
"1426",6,"1979","Balmain"
"1427",7,"1979","Manly Warringah"
"1428",8,"1979","Eastern Sydney"
"1429",9,"1979","South Sydney"
"1430",10,"1979","Penrith"
"1431",11,"1979","Newtown"
"1432",12,"1979","North Sydney"
"1441",1,"1980","Canterbury"
"1442",2,"1980","Eastern Sydney"
"1443",3,"1980","St George"
"1444",4,"1980","Western Suburbs"
"1445",5,"1980","South Sydney"
"1446",6,"1980","Manly Warringah"
"1447",7,"1980","Parramatta"
"1448",8,"1980","Newtown"
"1449",9,"1980","Cronulla"
"1450",10,"1980","Balmain"
"1451",11,"1980","North Sydney"
"1452",12,"1980","Penrith"
"1461",1,"1981","Eastern Sydney"
"1462",2,"1981","Newtown"
"1463",3,"1981","Parramatta"
"1464",4,"1981","Cronulla"
"1465",5,"1981","Manly Warringah"
"1466",6,"1981","Western Suburbs"
"1467",7,"1981","North Sydney"
"1468",8,"1981","St George"
"1469",9,"1981","South Sydney"
"1470",10,"1981","Canterbury"
"1471",11,"1981","Penrith"
"1472",12,"1981","Balmain"
"1481",1,"1982","Parramatta"
"1482",2,"1982","Manly Warringah"
"1483",3,"1982","North Sydney"
"1484",4,"1982","Eastern Sydney"
"1485",5,"1982","Western Suburbs"
"1486",6,"1982","South Sydney"
"1487",7,"1982","Newtown"
"1488",8,"1982","Canterbury"
"1489",9,"1982","Cronulla"
"1490",10,"1982","St George"
"1491",11,"1982","Balmain"
"1492",12,"1982","Penrith"
"1493",13,"1982","Illawarra"
"1494",14,"1982","Canberra"
"1501",1,"1983","Manly Warringah"
"1502",2,"1983","Canterbury"
"1503",3,"1983","Parramatta"
"1504",4,"1983","Balmain"
"1505",5,"1983","St George"
"1506",6,"1983","Eastern Sydney"
"1507",7,"1983","North Sydney"
"1508",8,"1983","South Sydney"
"1509",9,"1983","Cronulla"
"1510",10,"1983","Canberra"
"1511",11,"1983","Penrith"
"1512",12,"1983","Illawarra"
"1513",13,"1983","Newtown"
"1514",14,"1983","Western Suburbs"
"1521",1,"1984","Canterbury"
"1522",2,"1984","Parramatta"
"1523",3,"1984","St George"
"1524",4,"1984","Manly Warringah"
"1525",5,"1984","South Sydney"
"1526",6,"1984","Canberra"
"1527",7,"1984","Penrith"
"1528",8,"1984","Balmain"
"1529",9,"1984","Illawarra"
"1530",10,"1984","Cronulla"
"1531",11,"1984","North Sydney"
"1532",12,"1984","Eastern Sydney"
"1533",13,"1984","Western Suburbs"
"1541",1,"1985","St George"
"1542",2,"1985","Balmain"
"1543",3,"1985","Canterbury"
"1544",4,"1985","Parramatta"
"1545",5,"1985","Penrith"
"1546",6,"1985","Manly Warringah"
"1547",7,"1985","Eastern Sydney"
"1548",8,"1985","Cronulla"
"1549",9,"1985","South Sydney"
"1550",10,"1985","Canberra"
"1551",11,"1985","North Sydney"
"1552",12,"1985","Western Suburbs"
"1553",13,"1985","Illawarra"
"1561",1,"1986","Parramatta"
"1562",2,"1986","South Sydney"
"1563",3,"1986","Canterbury"
"1564",4,"1986","Manly Warringah"
"1565",5,"1986","Balmain"
"1566",6,"1986","North Sydney"
"1567",7,"1986","St George"
"1568",8,"1986","Penrith"
"1569",9,"1986","Eastern Sydney"
"1570",10,"1986","Cronulla"
"1571",11,"1986","Canberra"
"1572",12,"1986","Western Suburbs"
"1573",13,"1986","Illawarra"
"1581",1,"1987","Manly Warringah"
"1582",2,"1987","Eastern Sydney"
"1583",3,"1987","Canberra"
"1584",4,"1987","Balmain"
"1585",5,"1987","South Sydney"
"1586",6,"1987","Canterbury"
"1587",7,"1987","Parramatta"
"1588",8,"1987","Cronulla"
"1589",9,"1987","North Sydney"
"1590",10,"1987","St George"
"1591",11,"1987","Illawarra"
"1592",12,"1987","Penrith"
"1593",13,"1987","Western Suburbs"
"1601",1,"1988","Cronulla"
"1602",2,"1988","Canterbury"
"1603",3,"1988","Canberra"
"1604",4,"1988","Manly Warringah"
"1605",5,"1988","Balmain"
"1606",6,"1988","Penrith"
"1607",7,"1988","Brisbane"
"1608",8,"1988","South Sydney"
"1609",9,"1988","North Sydney"
"1610",10,"1988","St George"
"1611",11,"1988","Parramatta"
"1612",12,"1988","Eastern Sydney"
"1613",13,"1988","Illawarra"
"1614",14,"1988","Newcastle"
"1615",15,"1988","Gold Coast"
"1616",16,"1988","Western Suburbs"
"1621",1,"1989","South Sydney"
"1622",2,"1989","Penrith"
"1623",3,"1989","Balmain"
"1624",4,"1989","Canberra"
"1625",5,"1989","Cronulla"
"1626",6,"1989","Brisbane"
"1627",7,"1989","Canterbury"
"1628",8,"1989","Newcastle"
"1629",9,"1989","Parramatta"
"1630",10,"1989","St George"
"1631",11,"1989","Eastern Sydney"
"1632",12,"1989","Manly Warringah"
"1633",13,"1989","Gold Coast"
"1634",14,"1989","Western Suburbs"
"1635",15,"1989","North Sydney"
"1636",16,"1989","Illawarra"
"1641",1,"1990","Canberra"
"1642",2,"1990","Brisbane"
"1643",3,"1990","Penrith"
"1644",4,"1990","Manly Warringah"
"1645",5,"1990","Balmain"
"1646",6,"1990","Newcastle"
"1647",7,"1990","Canterbury"
"1648",8,"1990","Parramatta"
"1649",9,"1990","Illawarra"
"1650",10,"1990","Cronulla"
"1651",11,"1990","North Sydney"
"1652",12,"1990","St George"
"1653",13,"1990","Western Suburbs"
"1654",14,"1990","Eastern Sydney"
"1655",15,"1990","Gold Coast"
"1656",16,"1990","South Sydney"
"1661",1,"1991","Penrith"
"1662",2,"1991","Manly Warringah"
"1663",3,"1991","North Sydney"
"1664",4,"1991","Canberra"
"1665",5,"1991","Western Suburbs"
"1666",6,"1991","Canterbury"
"1667",7,"1991","Brisbane"
"1668",8,"1991","Illawarra"
"1669",9,"1991","St George"
"1670",10,"1991","Cronulla"
"1671",11,"1991","Eastern Sydney"
"1672",12,"1991","Balmain"
"1673",13,"1991","Newcastle"
"1674",14,"1991","South Sydney"
"1675",15,"1991","Parramatta"
"1676",16,"1991","Gold Coast"
"1681",1,"1992","Brisbane"
"1682",2,"1992","St George"
"1683",3,"1992","Illawarra"
"1684",4,"1992","Newcastle"
"1685",5,"1992","Western Suburbs"
"1686",6,"1992","Eastern Sydney"
"1687",7,"1992","Canterbury"
"1688",8,"1992","Manly Warringah"
"1689",9,"1992","Penrith"
"1690",10,"1992","Balmain"
"1691",11,"1992","North Sydney"
"1692",12,"1992","Canberra"
"1693",13,"1992","Cronulla"
"1694",14,"1992","South Sydney"
"1695",15,"1992","Parramatta"
"1696",16,"1992","Gold Coast"
"1701",1,"1993","Canterbury"
"1702",2,"1993","St George"
"1703",3,"1993","Canberra"
"1704",4,"1993","Manly Warringah"
"1705",5,"1993","Brisbane"
"1706",6,"1993","North Sydney"
"1707",7,"1993","Illawarra"
"1708",8,"1993","Eastern Sydney"
"1709",9,"1993","Newcastle"
"1710",10,"1993","Cronulla"
"1711",11,"1993","Parramatta"
"1712",12,"1993","Penrith"
"1713",13,"1993","Western Suburbs"
"1714",14,"1993","South Sydney"
"1715",15,"1993","Balmain"
"1716",16,"1993","Gold Coast"
"1721",1,"1994","Canterbury"
"1722",2,"1994","North Sydney"
"1723",3,"1994","Canberra"
"1724",4,"1994","Manly Warringah"
"1725",5,"1994","Brisbane"
"1726",6,"1994","Illawarra"
"1727",7,"1994","Cronulla"
"1728",8,"1994","Penrith"
"1729",9,"1994","South Sydney"
"1730",10,"1994","Newcastle"
"1731",11,"1994","St George"
"1732",12,"1994","Parramatta"
"1733",13,"1994","Western Suburbs"
"1734",14,"1994","Eastern Sydney"
"1735",15,"1994","Gold Coast"
"1736",16,"1994","Balmain"
"1741",1,"1995","Manly Warringah"
"1742",2,"1995","Canberra"
"1743",3,"1995","Brisbane"
"1744",4,"1995","Cronulla"
"1745",5,"1995","Newcastle"
"1746",6,"1995","Canterbury"
"1747",7,"1995","St George"
"1748",8,"1995","North Sydney"
"1749",9,"1995","Eastern Sydney"
"1750",10,"1995","Warriors"
"1751",11,"1995","Western Reds"
"1752",12,"1995","Illawarra"
"1753",13,"1995","Western Suburbs"
"1754",14,"1995","Penrith"
"1755",15,"1995","Balmain"
"1756",16,"1995","South Queensland"
"1757",17,"1995","Gold Coast"
"1758",18,"1995","South Sydney"
"1759",19,"1995","Parramatta"
"1760",20,"1995","North Queensland"
"1761",1,"1996","Manly Warringah"
"1762",2,"1996","Brisbane"
"1763",3,"1996","North Sydney"
"1764",4,"1996","Eastern Sydney"
"1765",5,"1996","Cronulla"
"1766",6,"1996","Canberra"
"1767",7,"1996","St George"
"1768",8,"1996","Western Suburbs"
"1769",9,"1996","Newcastle"
"1770",10,"1996","Canterbury"
"1771",11,"1996","Warriors"
"1772",12,"1996","Balmain"
"1773",13,"1996","Parramatta"
"1774",14,"1996","Illawarra"
"1775",15,"1996","Penrith"
"1776",16,"1996","Western Reds"
"1777",17,"1996","North Queensland"
"1778",18,"1996","Gold Coast"
"1779",19,"1996","South Sydney"
"1780",20,"1996","South Queensland"
"1781",1,"1997","Manly Warringah"
"1782",2,"1997","Newcastle"
"1783",3,"1997","Parramatta"
"1784",4,"1997","North Sydney"
"1785",5,"1997","Eastern Sydney"
"1786",6,"1997","Illawarra"
"1787",7,"1997","Gold Coast"
"1788",8,"1997","Balmain"
"1789",9,"1997","Western Suburbs"
"1790",10,"1997","St George"
"1791",11,"1997","South Sydney"
"1792",12,"1997","South Queensland"
"1801",1,"1998","Brisbane"
"1802",2,"1998","Newcastle"
"1803",3,"1998","Melbourne"
"1804",4,"1998","Parramatta"
"1805",5,"1998","North Sydney"
"1806",6,"1998","Eastern Sydney"
"1807",7,"1998","Canberra"
"1808",8,"1998","St George"
"1809",9,"1998","Canterbury"
"1810",10,"1998","Manly Warringah"
"1811",11,"1998","Cronulla"
"1812",12,"1998","Illawarra"
"1813",13,"1998","Balmain"
"1814",14,"1998","Penrith"
"1815",15,"1998","Warriors"
"1816",16,"1998","North Queensland"
"1817",17,"1998","Adelaide"
"1818",18,"1998","South Sydney"
"1819",19,"1998","Gold Coast"
"1820",20,"1998","Western Suburbs"
"1821",1,"1999","Cronulla"
"1822",2,"1999","Parramatta"
"1823",3,"1999","Melbourne"
"1824",4,"1999","Eastern Sydney"
"1825",5,"1999","Canterbury"
"1826",6,"1999","St George Illawarra"
"1827",7,"1999","Newcastle"
"1828",8,"1999","Brisbane"
"1829",9,"1999","Canberra"
"1830",10,"1999","Penrith"
"1831",11,"1999","Warriors"
"1832",12,"1999","South Sydney"
"1833",13,"1999","Manly Warringah"
"1834",14,"1999","North Sydney"
"1835",15,"1999","Balmain"
"1836",16,"1999","North Queensland"
"1837",17,"1999","Western Suburbs"
"1841",1,"2000","Brisbane"
"1842",2,"2000","Eastern Sydney"
"1843",3,"2000","Newcastle"
"1844",4,"2000","Canberra"
"1845",5,"2000","Penrith"
"1846",6,"2000","Melbourne"
"1847",7,"2000","Parramatta"
"1848",8,"2000","Cronulla"
"1849",9,"2000","St George Illawarra"
"1850",10,"2000","Wests Tigers"
"1851",11,"2000","Canterbury"
"1852",12,"2000","Manly Warringah"
"1853",13,"2000","Warriors"
"1854",14,"2000","North Queensland"
"1861",1,"2001","Parramatta"
"1862",2,"2001","Canterbury"
"1863",3,"2001","Newcastle"
"1864",4,"2001","Cronulla"
"1865",5,"2001","Brisbane"
"1866",6,"2001","Eastern Sydney"
"1867",7,"2001","St George Illawarra"
"1868",8,"2001","Warriors"
"1869",9,"2001","Melbourne"
"1870",10,"2001","Manly Warringah"
"1871",11,"2001","Canberra"
"1872",12,"2001","Wests Tigers"
"1873",13,"2001","North Queensland"
"1874",14,"2001","Penrith"
"1881",1,"2002","Warriors"
"1882",2,"2002","Newcastle"
"1883",3,"2002","Brisbane"
"1884",4,"2002","Eastern Sydney"
"1885",5,"2002","Cronulla"
"1886",6,"2002","Parramatta"
"1887",7,"2002","St George Illawarra"
"1888",8,"2002","Canberra"
"1889",9,"2002","Manly Warringah"
"1890",10,"2002","Melbourne"
"1891",11,"2002","North Queensland"
"1892",12,"2002","Penrith"
"1893",13,"2002","Wests Tigers"
"1894",14,"2002","South Sydney"
"1895",15,"2002","Canterbury"
"1901",1,"2003","Penrith"
"1902",2,"2003","Eastern Sydney"
"1903",3,"2003","Canterbury"
"1904",4,"2003","Canberra"
"1905",5,"2003","Melbourne"
"1906",6,"2003","Warriors"
"1907",7,"2003","Newcastle"
"1908",8,"2003","Brisbane"
"1909",9,"2003","Parramatta"
"1910",10,"2003","St George Illawarra"
"1911",11,"2003","North Queensland"
"1912",12,"2003","Cronulla"
"1913",13,"2003","Wests Tigers"
"1914",14,"2003","Manly Warringah"
"1915",15,"2003","South Sydney"
"1921",1,"2004","Eastern Sydney"
"1922",2,"2004","Canterbury"
"1923",3,"2004","Brisbane"
"1924",4,"2004","Penrith"
"1925",5,"2004","St George Illawarra"
"1926",6,"2004","Melbourne"
"1927",7,"2004","North Queensland"
"1928",8,"2004","Canberra"
"1929",9,"2004","Wests Tigers"
"1930",10,"2004","Newcastle"
"1931",11,"2004","Cronulla"
"1932",12,"2004","Parramatta"
"1933",13,"2004","Manly Warringah"
"1934",14,"2004","Warriors"
"1935",15,"2004","South Sydney"
"1941",1,"2005","Parramatta"
"1942",2,"2005","St George Illawarra"
"1943",3,"2005","Brisbane"
"1944",4,"2005","Wests Tigers"
"1945",5,"2005","North Queensland"
"1946",6,"2005","Melbourne"
"1947",7,"2005","Cronulla"
"1948",8,"2005","Manly Warringah"
"1949",9,"2005","Eastern Sydney"
"1950",10,"2005","Penrith"
"1951",11,"2005","Warriors"
"1952",12,"2005","Canterbury"
"1953",13,"2005","South Sydney"
"1954",14,"2005","Canberra"
"1955",15,"2005","Newcastle"
"1961",1,"2006","Melbourne"
"1962",2,"2006","Canterbury"
"1963",3,"2006","Brisbane"
"1964",4,"2006","Newcastle"
"1965",5,"2006","Manly Warringah"
"1966",6,"2006","St George Illawarra"
"1967",7,"2006","Canberra"
"1968",8,"2006","Parramatta"
"1969",9,"2006","North Queensland"
"1970",10,"2006","Warriors"
"1971",11,"2006","Wests Tigers"
"1972",12,"2006","Penrith"
"1973",13,"2006","Cronulla"
"1974",14,"2006","Eastern Sydney"
"1975",15,"2006","South Sydney"
"1981",1,"2007","Melbourne"
"1982",2,"2007","Manly Warringah"
"1983",3,"2007","North Queensland"
"1984",4,"2007","Warriors"
"1985",5,"2007","Parramatta"
"1986",6,"2007","Canterbury"
"1987",7,"2007","South Sydney"
"1988",8,"2007","Brisbane"
"1989",9,"2007","Wests Tigers"
"1990",10,"2007","Eastern Sydney"
"1991",11,"2007","Cronulla"
"1992",12,"2007","Gold Coast Titans"
"1993",13,"2007","St George Illawarra"
"1994",14,"2007","Canberra"
"1995",15,"2007","Newcastle"
"1996",16,"2007","Penrith"
"2001",1,"2008","Melbourne"
"2002",2,"2008","Manly Warringah"
"2003",3,"2008","Cronulla"
"2004",4,"2008","Eastern Sydney"
"2005",5,"2008","Brisbane"
"2006",6,"2008","Canberra"
"2007",7,"2008","St George Illawarra"
"2008",8,"2008","Warriors"
"2009",9,"2008","Newcastle"
"2010",10,"2008","Wests Tigers"
"2011",11,"2008","Parramatta"
"2012",12,"2008","Penrith"
"2013",13,"2008","Gold Coast Titans"
"2014",14,"2008","South Sydney"
"2015",15,"2008","North Queensland"
"2016",16,"2008","Canterbury"
"2021",1,"2009","St George Illawarra"
"2022",2,"2009","Canterbury"
"2023",3,"2009","Gold Coast Titans"
"2024",4,"2009","Melbourne"
"2025",5,"2009","Manly Warringah"
"2026",6,"2009","Brisbane"
"2027",7,"2009","Newcastle"
"2028",8,"2009","Parramatta"
"2029",9,"2009","Wests Tigers"
"2030",10,"2009","South Sydney"
"2031",11,"2009","Penrith"
"2032",12,"2009","North Queensland"
"2033",13,"2009","Canberra"
"2034",14,"2009","Warriors"
"2035",15,"2009","Cronulla"
"2036",16,"2009","Eastern Sydney"
"2041",1,"2010","St George Illawarra"
"2042",2,"2010","Penrith"
"2043",3,"2010","Wests Tigers"
"2044",4,"2010","Gold Coast Titans"
"2045",5,"2010","Warriors"
"2046",6,"2010","Eastern Sydney"
"2047",7,"2010","Canberra"
"2048",8,"2010","Manly Warringah"
"2049",9,"2010","South Sydney"
"2050",10,"2010","Brisbane"
"2051",11,"2010","Newcastle"
"2052",12,"2010","Parramatta"
"2053",13,"2010","Canterbury"
"2054",14,"2010","Cronulla"
"2055",15,"2010","North Queensland"
"2056",16,"2010","Melbourne"
"2061",1,"2011","Melbourne"
"2062",2,"2011","Manly Warringah"
"2063",3,"2011","Brisbane"
"2064",4,"2011","Wests Tigers"
"2065",5,"2011","St George Illawarra"
"2066",6,"2011","Warriors"
"2067",7,"2011","North Queensland"
"2068",8,"2011","Newcastle"
"2069",9,"2011","Canterbury"
"2070",10,"2011","South Sydney"
"2071",11,"2011","Eastern Sydney"
"2072",12,"2011","Penrith"
"2073",13,"2011","Cronulla"
"2074",14,"2011","Parramatta"
"2075",15,"2011","Canberra"
"2076",16,"2011","Gold Coast Titans"
"2081",1,"2012","Canterbury"
"2082",2,"2012","Melbourne"
"2083",3,"2012","South Sydney"
"2084",4,"2012","Manly Warringah"
"2085",5,"2012","North Queensland"
"2086",6,"2012","Canberra"
"2087",7,"2012","Cronulla"
"2088",8,"2012","Brisbane"
"2089",9,"2012","St George Illawarra"
"2090",10,"2012","Wests Tigers"
"2091",11,"2012","Gold Coast Titans"
"2092",12,"2012","Newcastle"
"2093",13,"2012","Eastern Sydney"
"2094",14,"2012","Warriors"
"2095",15,"2012","Penrith"
"2096",16,"2012","Parramatta"
"2101",1,"2013","Eastern Sydney"
"2102",2,"2013","South Sydney"
"2103",3,"2013","Melbourne"
"2104",4,"2013","Manly Warringah"
"2105",5,"2013","Cronulla"
"2106",6,"2013","Canterbury"
"2107",7,"2013","Newcastle"
"2108",8,"2013","North Queensland"
"2109",9,"2013","Gold Coast Titans"
"2110",10,"2013","Penrith"
"2111",11,"2013","Warriors"
"2112",12,"2013","Brisbane"
"2113",13,"2013","Canberra"
"2114",14,"2013","St George Illawarra"
"2115",15,"2013","Wests Tigers"
"2116",16,"2013","Parramatta"
"2121",1,"2014","Eastern Sydney"
"2122",2,"2014","Manly Warringah"
"2123",3,"2014","South Sydney"
"2124",4,"2014","Penrith"
"2125",5,"2014","North Queensland"
"2126",6,"2014","Melbourne"
"2127",7,"2014","Canterbury"
"2128",8,"2014","Brisbane"
"2129",9,"2014","Warriors"
"2130",10,"2014","Parramatta"
"2131",11,"2014","St George Illawarra"
"2132",12,"2014","Newcastle"
"2133",13,"2014","Wests Tigers"
"2134",14,"2014","Gold Coast Titans"
"2135",15,"2014","Canberra"
"2136",16,"2014","Cronulla"
"2141",1,"2015","Eastern Sydney"
"2142",2,"2015","Brisbane"
"2143",3,"2015","North Queensland"
"2144",4,"2015","Melbourne"
"2145",5,"2015","Canterbury"
"2146",6,"2015","Cronulla"
"2147",7,"2015","South Sydney"
"2148",8,"2015","St George Illawarra"
"2149",9,"2015","Manly Warringah"
"2150",10,"2015","Canberra"
"2151",11,"2015","Penrith"
"2152",12,"2015","Parramatta"
"2153",13,"2015","Warriors"
"2154",14,"2015","Gold Coast Titans"
"2155",15,"2015","Wests Tigers"
"2156",16,"2015","Newcastle"
